turn_index,timestamp,sender,text,joy,warmth,sadness,anger,anxiety,surprise,neutral
0,2026-05-19T02:02:23,Эвелина,хочу тикток удалить,0.009242169167459987,0.022147017533165263,0.055297993629095085,0.20980030671107563,0.011392123122839548,0.023726852354219514,0.668393537482145
1,2026-05-19T02:02:29,Эвелина,и прочий мусор,0.01122111344783595,0.004382113401611401,0.0860788381825705,0.35887172512370624,0.01503853785147327,0.010106893181231601,0.514300778811571
2,2026-05-19T02:02:53,Миша,флдвао,0.031303169308994815,0.0032303514269746043,0.0061335720033635485,0.023224141075501286,0.002004938655841449,0.010279173001801678,0.9238246545275225
3,2026-05-19T02:02:55,Эвелина,мешает привычка дурацкая,0.03500449762086883,0.0027132454295060713,0.04549399052832386,0.713397797684395,0.013565076143454,0.011342694491653205,0.17848269810179893
4,2026-05-19T02:03:06,Миша,хочу госы сдать на отл),0.8709570522008838,0.006549204120324177,0.004936844894276922,0.00805653067051254,0.0010281355941608073,0.013921184292017273,0.09455104822782433
5,2026-05-19T02:03:14,Эвелина,ня,0.015043216454491635,0.0038460806915426933,0.011762218740388948,0.11229448995419607,0.0022322355596924495,0.014221205013613727,0.8406005535860746
6,2026-05-19T02:03:22,Миша,и с ребятами пойти,0.046339869861354605,0.008210425895987495,0.004906559075255269,0.01825933934152494,0.0018051605737744595,0.010802764903905821,0.9096758803481974
7,2026-05-19T02:03:24,Миша,хз,0.21390193079942552,0.002292053476360319,0.011932321553322606,0.11171512063600299,0.003917313871300723,0.2501123500227336,0.4061289096408542
8,2026-05-19T02:03:33,Миша,какая,0.10762814976490284,0.0032251084770469726,0.008666215008030336,0.06988805846171779,0.002879911955208425,0.3455359012807258,0.4621766550523679
9,2026-05-19T02:03:33,Эвелина,сдашь пойдешь,0.014839249469401222,0.012338071584268412,0.011174501176879372,0.11032196212704223,0.0022770044486557623,0.022847768374277076,0.8262014428194758
10,2026-05-19T02:03:37,Миша,с огоньком?,0.017605399965181835,0.005266856219646568,0.003776811052566552,0.025424427686577083,0.004638273074791139,0.5427556269734933,0.40053260502774335
11,2026-05-19T02:03:44,Эвелина,залипать во что-то,0.015333347272767755,0.005435851231034558,0.011637641589232684,0.07116628176205086,0.004181656298783935,0.018014265321888243,0.8742309565242419
12,2026-05-19T02:04:40,Миша,хм,0.0630356903637838,0.0031945967903155292,0.004927365231307417,0.02940666786035709,0.0013166037849960054,0.010662346685266553,0.8874567292839737
13,2026-05-19T02:04:45,Миша,может мне тоже поставить..,0.09573988240618765,0.0073990229444035865,0.006198853540055855,0.015317596035104599,0.0027944172616430167,0.07072720170585718,0.801823026106748
14,2026-05-19T02:05:23,Эвелина,ахахах,0.8630882268305498,0.005599750763065516,0.010104499378734661,0.009874292590239527,0.002617459666665865,0.01419395476854102,0.09452181600220387
15,2026-05-19T02:05:43,Эвелина,норм ава,0.08381227006480722,0.0019975331147667774,0.0031187430116690045,0.022555074674785996,0.0014162881577487085,0.023468194257495537,0.8636318967187268
16,2026-05-19T02:05:50,Эвелина,свээг,0.013204036490734606,0.007319921567009146,0.0023012896188690382,0.021604824633207478,0.002639363271086575,0.017954528308061074,0.9349760361110321
17,2026-05-19T02:06:10,Миша,хз,0.21390193079942552,0.002292053476360319,0.011932321553322606,0.11171512063600299,0.003917313871300723,0.2501123500227336,0.4061289096408542
18,2026-05-19T02:06:15,Миша,норм разобрал,0.027793412736652895,0.0020955490647448787,0.04566734612689798,0.10522834548037431,0.0041105680663670345,0.05282451912007605,0.7622802594048869
19,2026-05-19T02:06:17,Миша,3 билета кста,0.03278742751679385,0.0033486333426151686,0.006036632848811821,0.009617078902794264,0.0026065149874260423,0.014394232112722253,0.9312094802888367
20,2026-05-19T02:06:19,Миша,из 25,0.022561804868919975,0.0031234821538882996,0.003872149302506259,0.008247482469942257,0.002297648448412134,0.015546154855172712,0.9443512779011584
21,2026-05-19T02:06:22,Миша,ну и это не фул,0.027655760263533325,0.0034718109554414778,0.020113912332118608,0.5798388889468721,0.00302764972699478,0.02478082327111259,0.34111115450392704
22,2026-05-19T02:06:24,Миша,это норм,0.34887807621118755,0.00665884810357713,0.004456539712832212,0.05632681477504757,0.0018329527517921133,0.020081002664996038,0.5617657657805675
23,2026-05-19T02:06:27,Миша,8 просмотрел,0.040330088480390054,0.003370756929648984,0.0063059436034120725,0.008452856252612516,0.002312880389569373,0.032421937576711836,0.9068055367676553
24,2026-05-19T02:06:38,Эвелина,большие билеты?,0.03606344610242528,0.009154933915844694,0.002998482183242337,0.015026661676921672,0.0028948002671047722,0.5807461128539658,0.35311556300049535
25,2026-05-19T02:06:52,Эвелина,воскок гос,0.026187552615051027,0.0031230699371537383,0.0032324848615208714,0.026460033312969148,0.002459987468781928,0.02036828823239535,0.9181685835721279
26,2026-05-19T02:06:58,Миша,9,0.024533484363863177,0.002080222226336844,0.005689912270909189,0.014811779137142721,0.001781096073896884,0.02197723422461219,0.9291262717032391
27,2026-05-19T02:06:58,Эвелина,спать будешь,0.03283247830277783,0.02439375485062415,0.04551880265524451,0.04069562348604867,0.011681315061385096,0.015696491188951674,0.829181534454968
28,2026-05-19T02:07:00,Миша,хз,0.2139020489632134,0.0022920561087088876,0.011932326722536052,0.1117151024448169,0.003917316502285267,0.25011254782136655,0.40612860143707297
29,2026-05-19T02:07:03,Миша,надеюсь,0.9561138068520747,0.01878717395588516,0.0028457471716148235,0.0022133217672982122,0.001966704843009592,0.0024573125539947113,0.015615932856122635
30,2026-05-19T02:07:05,Эвелина,бля,0.015725317867616984,0.006095690621760496,0.0527819519529679,0.7473725898012347,0.011244648835358697,0.012241084322376332,0.15453871659868476
31,2026-05-19T02:13:05,Эвелина,(если щас ваще нет времени можно не читать я просто так небольшой хихик кидаю),0.5697063797563064,0.01262005356331771,0.19512550685807403,0.068521398295749,0.003812875520432632,0.026236641855252832,0.1239771441508675
32,2026-05-19T02:13:33,Миша,нихуя он умный,0.7897259629313496,0.005943059855652067,0.0026670095216261695,0.02010914401991337,0.0007936841170303414,0.012945261461840805,0.1678158780925877
33,2026-05-19T02:13:36,Миша,agi,0.07196919432120395,0.0015423329479307473,0.003202565855568751,0.018359154860858373,0.0016029685870776506,0.026692654642342616,0.876631128785018
34,2026-05-19T02:13:40,Эвелина,дадад,0.14764941596943176,0.005713617501223078,0.003927376671705283,0.0222345516564839,0.0009049714025469691,0.013817726191656672,0.8057523406069523
35,2026-05-19T02:13:53,Миша,это гпт?,0.009786698172415348,0.004692083736745935,0.006713463566085358,0.037819427928007604,0.005302958023951097,0.5296016715460223,0.4060836970267724
36,2026-05-19T02:14:02,Эвелина,дипсик,0.007802950580525528,0.0038462446958971975,0.006646793197795101,0.023883608877768022,0.0042905259569641875,0.01654884284169016,0.9369810338493597
37,2026-05-19T02:14:06,Миша,ану,0.015875012526576863,0.0025276987784778084,0.005138201188056068,0.0485485248553539,0.0027733277237856125,0.02398215650953762,0.9011550784182122
38,2026-05-19T02:14:08,Миша,не удивлен),0.1497265306869051,0.003894026241166607,0.007876538502703001,0.01917066910174947,0.0045845608918681485,0.7556737315601295,0.05907394301547803
39,2026-05-19T02:14:19,Миша,дипсик,0.007802950580525528,0.0038462446958971975,0.006646793197795101,0.023883608877768022,0.0042905259569641875,0.01654884284169016,0.9369810338493597
40,2026-05-19T02:14:28,Эвелина,да,0.29878638996126333,0.006969097271262861,0.0029447395205878914,0.015093736963269096,0.0008046350008220113,0.01707147372912543,0.6583299275536693
41,2026-05-19T02:37:59,Миша,дикпик,0.016008534642249585,0.002735257322160715,0.00424938764896957,0.022411723052106047,0.0024350069476394955,0.010320143894611437,0.9418399464922632
42,2026-05-19T02:38:09,Миша,сука ненавижу),0.39750449755658745,0.010452249906376387,0.033444582440749,0.5008141348260285,0.00854792068989553,0.017032082062241233,0.032204532518121866
43,2026-05-19T02:38:13,Миша,нытиков,0.007267724115125825,0.0025013064744046393,0.024249007366279107,0.10725642329068998,0.01045076714109375,0.012680025580769236,0.8355947460316375
44,2026-05-19T02:38:22,Миша,которые ноют перед экзами,0.03364527128428092,0.0022355105625136815,0.018470871393084974,0.07233843671070746,0.0023421387314826302,0.019196452579498532,0.8517713187384318
45,2026-05-19T02:38:28,Миша,нахуй их всех,0.07530972874235502,0.014435485193621636,0.010840683357976893,0.48644270956427893,0.0063463828494519136,0.0073428809694645325,0.39928212932285106
46,2026-05-19T02:38:36,Эвелина,кто тебе там ноет,0.035243958546875134,0.006876934842913665,0.00953213576579486,0.07964056483502878,0.00182099939848356,0.03315614213624501,0.8337292644746589
47,2026-05-19T02:39:05,Миша,я,0.06106579649447499,0.006283698371652035,0.00475790613811329,0.014425976626640096,0.0022819611819183436,0.038236024158479744,0.8729486370287215
48,2026-05-19T02:39:06,Миша,тебе,0.06480158543543665,0.22779047588592743,0.0054895655907440995,0.03295453568142727,0.003957017720871468,0.022269647886853768,0.6427371717987393
49,2026-05-19T02:39:24,Эвелина,я тебе тоже ною перед экзами,0.22238823436577954,0.02091261890922206,0.0260655884718208,0.08980562422133133,0.0021217611811872607,0.032649806860963394,0.6060563659896956
50,2026-05-19T02:39:26,Эвелина,1-1,0.027107945347520004,0.0027152883643128743,0.0039303539400321495,0.009756953876973548,0.002049271991814207,0.013039734833428886,0.9414004516459182
51,2026-05-19T02:39:32,Миша,ну ты вуман,0.3640554869211304,0.002928498752900153,0.00818280413760557,0.14400462019174645,0.004058651849233321,0.12305375896226202,0.3537161791851221
52,2026-05-19T02:39:34,Миша,+ не ноешь,0.016868162033151606,0.009209055549074082,0.01488378955963895,0.2775193015080985,0.0033424079685032203,0.041087949505997826,0.6370893338755358
53,2026-05-19T02:39:43,Миша,+ страха нет все,0.02032382180848493,0.013532115363379057,0.024892161433710237,0.06640619983647249,0.365806436416692,0.016526713731661476,0.4925125514095997
54,2026-05-19T02:39:44,Миша,фыдвжлаофжвыдалофы,0.010862351290389287,0.002679663129871306,0.01036790622282722,0.03767595228397383,0.004006534751535331,0.01648927638196943,0.9179183159394336
55,2026-05-19T02:39:44,Эвелина,ты ахуел,0.6605437999263479,0.0072457344590455795,0.006710277158523859,0.027484264430489982,0.0033439526783882556,0.05170569606060771,0.2429662752865966
56,2026-05-19T02:39:51,Миша,ладно ладно,0.2431685800751991,0.050059588765638555,0.009250380197740523,0.11337686135680106,0.0013832841233598558,0.01683479754953003,0.5659265079317309
57,2026-05-19T02:40:03,Миша,такая волосатая нога может быть только у тестостеронового мужла,0.19598138456843534,0.005006440461074799,0.02441547187819643,0.15966499025585004,0.005117250312964605,0.028676549809497756,0.581137912713981
58,2026-05-19T02:40:22,Миша,чупа чупс,0.022894680991443914,0.0027236564230562767,0.006481038122257743,0.0277288833947238,0.01893563101494549,0.03531241693481424,0.8859236931187585
59,2026-05-19T02:40:42,Эвелина,даже не надо тут такого,0.022123537903590427,0.004638180017473603,0.02265282134389867,0.581296034261074,0.0038645234615238755,0.03281506422459352,0.33260983878784606
60,2026-05-19T02:40:45,Эвелина,этого всего вашего,0.09542032899217462,0.12276311869447099,0.005326977502831084,0.021315047700949434,0.002733132141211662,0.02692307711712279,0.7255183178512394
61,2026-05-19T02:41:38,Эвелина,так уж и быть согласна принять что ты бреешься если ты примешь что я этого не делаю,0.4683535904040408,0.1171285926952579,0.029710992119167074,0.16651150760859787,0.002474903048775207,0.026820315334201813,0.1890000987899595
62,2026-05-19T02:42:35,Эвелина,есть еще какой... вообще знал бы ты меня все эти годы в институте у тебя бы гораздо больше двух прядей волос поседело,0.5901823906927498,0.10950744773868781,0.006324042605629319,0.022980360324935105,0.0022750361614334207,0.07744211546764752,0.19128860700891712
63,2026-05-19T02:42:49,Миша,схуяли,0.0184589724990764,0.0020542019200870234,0.0383971462574892,0.08644997427381951,0.014153545301811555,0.01712158172422382,0.8233645780234925
64,2026-05-19T02:43:02,Эвелина,ты даже не представляешь как я ныла перед экзаменами,0.01942901303050827,0.0029423330080444073,0.04346685017556333,0.5080015008713773,0.007232431345132691,0.08291440962246108,0.33601346194691295
65,2026-05-19T02:43:21,Миша,ой впизду,0.024558402540159723,0.005082525154129651,0.007960572306537943,0.06529003503496744,0.010395603298881987,0.016637096558141475,0.8700757651071819
66,2026-05-19T02:43:28,Миша,не оправдывай мое нытье,0.045728977179376476,0.01903945201969675,0.06646027388530508,0.6397594501496395,0.004914930139464441,0.010157093704539332,0.21393982292197838
67,2026-05-19T02:43:33,Эвелина,ты ахуел,0.6605437999263479,0.0072457344590455795,0.006710277158523859,0.027484264430489982,0.0033439526783882556,0.05170569606060771,0.2429662752865966
68,2026-05-19T02:43:41,Эвелина,ты даже если постараешься,0.1193087280528981,0.035862863621894135,0.004813813035257933,0.02293949533438258,0.0019658898091994958,0.010918318141522377,0.8041908920048454
69,2026-05-19T02:43:41,Миша,захотел поныл,0.11620903059960619,0.008584523828224649,0.007109695606028334,0.024443933058932332,0.0020332335803128843,0.027622501106913146,0.8139970822199825
70,2026-05-19T02:43:43,Миша,захотел,0.0280083138943368,0.016152681008961434,0.006879227765435029,0.034641388745915644,0.002980026536769669,0.03981132221268122,0.8715270398359002
71,2026-05-19T02:43:46,Миша,извинился,0.010748430998656518,0.011461126742910556,0.6948076243454601,0.028357764515997815,0.014046661678006805,0.03456332973706603,0.2060150619819021
72,2026-05-19T02:43:47,Миша,все,0.05489648585381566,0.00477221511438113,0.00620314755120496,0.0203993941649067,0.001642664230751688,0.011602713250877496,0.9004833798340623
73,2026-05-19T02:43:49,Миша,.,0.022256534683617824,0.004304469713527515,0.003936478576709443,0.015204450927001584,0.0019505458866317068,0.010869662331626931,0.9414778578808849
74,2026-05-19T02:43:52,Эвелина,не сможешь придумать,0.05101318297581312,0.0073878669854826745,0.013608549210987659,0.39899363913551156,0.0024943231989863093,0.0443874781666912,0.48211496032652756
75,2026-05-19T02:44:05,Эвелина,формулировки которыми я ныла,0.02055260282692907,0.004015200778028562,0.057809150291597625,0.23265195521012771,0.004481777700054673,0.034758372935120345,0.6457309402581419
76,2026-05-19T02:44:11,Эвелина,и поднять уровень драмы,0.14543668790284495,0.00448133112729839,0.011513471715704666,0.02845761638063454,0.0029136619172217605,0.017022040668588267,0.7901751902877074
77,2026-05-19T02:44:27,Миша,потому что я тупой мэн,0.02980150887734789,0.0019180535119562392,0.03080518976174773,0.7557151513648167,0.013557776734881639,0.018179155989915853,0.150023163759334
78,2026-05-19T02:44:27,Эвелина,до той степени,0.09170146696035762,0.004561914112140872,0.006659125218963846,0.011140287249503148,0.0014739627088939595,0.022195687567336714,0.8622675561828038
79,2026-05-19T02:44:29,Миша,?,0.012901565224050619,0.00526327219022384,0.0047383857453995,0.02853032005757279,0.0043657753475970645,0.4738258956710106,0.47037478576414554
80,2026-05-19T02:44:36,Эвелина,нет,0.023863201314218718,0.0038130733497235424,0.03128983564183409,0.3919016946443533,0.003145685912391818,0.029788789723952297,0.5161977194135262
81,2026-05-19T02:44:37,Миша,опять за свое,0.033173276827325286,0.015518659623538704,0.027977375663013632,0.06555495802708607,0.004289274904060484,0.0355056137458763,0.8179808412090996
82,2026-05-19T02:44:39,Миша,понятно,0.29020891609778204,0.010242259860176166,0.005303630148472455,0.013561352795426525,0.0014150699855659092,0.19609454819787317,0.48317422291470374
83,2026-05-19T02:44:43,Миша,началось,0.06334209359989877,0.0020813982767920085,0.008198105701307558,0.013489278893233139,0.002985674364384312,0.04651595128588724,0.8633874978784969
84,2026-05-19T02:44:45,Эвелина,потому что я нытик тут самый главный,0.2620304727759546,0.005430025701052307,0.09083142546423568,0.3077744591869998,0.016870326688493975,0.022023060590930673,0.29504022959233295
85,2026-05-19T02:44:50,Эвелина,вообще то,0.05100734892668096,0.002556502096317061,0.0056005340671647,0.032325323315995955,0.001330230277147942,0.04543776116261918,0.8617423001540742
86,2026-05-19T02:44:52,Миша,хуитик,0.023640959891084775,0.002554087831867733,0.002830694533882443,0.04326118635677049,0.002609762324424449,0.01438877860389578,0.9107145304580743
87,2026-05-19T02:44:55,Миша,чет не видел,0.05405713258705795,0.002210836978368523,0.03943104852689166,0.25801444100126586,0.004471488719983391,0.12758916675285803,0.5142258854335746
88,2026-05-19T02:44:57,Миша,ладно,0.15875913432077213,0.025343372110876887,0.007738421840641902,0.09446771950600279,0.0011956201923287195,0.021129323193524396,0.6913664088358531
89,2026-05-19T02:44:59,Эвелина,тоже мне решил,0.21213722192674558,0.036497211173075396,0.007465318865183429,0.010841716447021005,0.003833576172184606,0.09147670649154145,0.6377482489242485
90,2026-05-19T02:45:13,Эвелина,мое место занять,0.187876968846901,0.05507652153934303,0.024247801102355162,0.017156866289095372,0.0027484265473672045,0.04832556562293043,0.6645678500520079
91,2026-05-19T02:45:28,Миша,спок спок,0.024207722766475197,0.006343812575060489,0.06313262203572624,0.13547813455400107,0.01240415329283242,0.007328659932548847,0.7511048948433559
92,2026-05-19T02:45:30,Эвелина,твои слова это здравая реакция на гос,0.6541158703819412,0.014428160937685742,0.004139202654175866,0.02360705361208271,0.0011276545672260717,0.013146951541180984,0.2894351063057075
93,2026-05-19T02:45:32,Миша,вумен не переныть,0.020190887914363964,0.0025126081108990564,0.037700240883376236,0.3781412620278543,0.005616061124167692,0.021707759310520238,0.5341311806288186
94,2026-05-19T02:45:39,Эвелина,😭😭😭,0.02198101464614118,0.009782790219726036,0.8999968161266995,0.017818294540103193,0.014499911328358575,0.004438858590198217,0.031482314548773406
95,2026-05-19T02:45:50,Миша,а ты вообще и рыба и мясо,0.07805355318615996,0.007073834658005545,0.0032372683811461634,0.047248121604163786,0.001707906522459089,0.03056565687471065,0.8321136587733549
96,2026-05-19T02:45:55,Миша,эта ты,0.15228828970372188,0.02098854051952937,0.002934349540139306,0.03380115763308357,0.00240307109650243,0.07650028858999192,0.7110843029170316
97,2026-05-19T02:45:59,Эвелина,catfish,0.014851407428107642,0.002874955200169459,0.0033111452920736545,0.015468010272348157,0.002873625406183657,0.01731942717089547,0.9433014292302219
98,2026-05-19T02:46:14,Эвелина,живот болит,0.026072459051471177,0.0373620153221876,0.48662515818041313,0.0947093269590364,0.017339557991155496,0.012811717412473994,0.3250797650832621
99,2026-05-19T02:46:18,Эвелина,сколько можно,0.06712258262365868,0.007834451824739738,0.004536417633955832,0.023405058540271806,0.0014031588626897437,0.16456740163938816,0.7311309288752961
100,2026-05-19T02:46:18,Миша,((((,0.007195191258958685,0.00746122538196624,0.5947298986526812,0.03489284688066068,0.026696508963921676,0.03238232614685654,0.2966420027149548
101,2026-05-19T02:46:21,Эвелина,и так ничего не ем,0.045613742147891684,0.005337226594854864,0.038770023453255295,0.3400934614796127,0.0023791193180082164,0.019627656378242667,0.5481787706281346
102,2026-05-19T02:46:25,Миша,еще 8 месяцев,0.023159340684461537,0.002863016227203836,0.010287919985923218,0.013666889213066868,0.002305851257820545,0.03207834641472856,0.9156386362167955
103,2026-05-19T02:46:38,Миша,потом сходишь покакать,0.031021817326089555,0.006895600498150588,0.005181495041592381,0.030869336498742454,0.0019737474173344436,0.03602551136122304,0.8880324918568676
104,2026-05-19T02:46:41,Миша,ребеночьком,0.014039978980123359,0.017378386504408677,0.014320870785165333,0.041167166679429705,0.004780652296317118,0.007063454634278707,0.901249490120277
105,2026-05-19T02:46:58,Эвелина,меня не мария зовут,0.01641607842030874,0.003086672083053665,0.030650155986634193,0.4143261598705887,0.005078015663343801,0.05178547889084098,0.47865743908522995
106,2026-05-19T02:47:06,Эвелина,чтобы тут непорочные зачатия случались,0.018799988601578645,0.003428757106269122,0.10815570369776571,0.10711581502403014,0.012728999325623375,0.04949299489979623,0.7002777413449368
107,2026-05-19T02:47:18,Миша,бро ты целовалась,0.602327532652635,0.043123061306437914,0.005320758084672361,0.042758643151315716,0.0020913102309168645,0.01085135472078601,0.2935273398532362
108,2026-05-19T02:47:26,Миша,ты не парадокси,0.018984644975611736,0.005305284575831906,0.016449744296356195,0.4465938723805234,0.005157023116643118,0.10558088375294722,0.4019285469020865
109,2026-05-19T02:47:29,Эвелина,дева Мария тоже,0.12775220063305667,0.006939154707595552,0.0031218227610687547,0.01813331148022224,0.000951351306148384,0.031106590559308218,0.8119955685526002
110,2026-05-19T02:47:32,Миша,нет,0.023863201314218718,0.0038130733497235424,0.03128983564183409,0.3919016946443533,0.003145685912391818,0.029788789723952297,0.5161977194135262
111,2026-05-19T02:47:33,Эвелина,да,0.29878638996126333,0.006969097271262861,0.0029447395205878914,0.015093736963269096,0.0008046350008220113,0.01707147372912543,0.6583299275536693
112,2026-05-19T02:47:36,Эвелина,у нее муж был,0.026254277588193334,0.003245517741121406,0.010244519632069096,0.030908439364844078,0.0017979482338632813,0.02949668019756694,0.8980526172423419
113,2026-05-19T02:47:36,Миша,она парадокси,0.03759053115749776,0.002135665311347575,0.016429836380669836,0.11951310746949086,0.01005221997313847,0.14459938842216408,0.6696792512856915
114,2026-05-19T02:47:41,Миша,пхпх,0.012880714750303992,0.0034724353709675105,0.006797609635013663,0.02932715147572164,0.0023232567179164473,0.008756399889533062,0.9364424321605438
115,2026-05-19T02:47:59,Эвелина,естественно она целовалась,0.2787663571561802,0.014557729508674445,0.002988424716510801,0.01807914790711711,0.0015482850552281991,0.01604726789361065,0.6680127877626786
116,2026-05-19T02:48:54,Миша,(,0.012019610597176048,0.006993911029779563,0.40612717600815895,0.044384084897470893,0.018154504968941172,0.035917555586981925,0.4764031569114913
117,2026-05-19T02:49:01,Миша,нет чел,0.021223020836464965,0.002895263155329689,0.026800650597852083,0.273638281978678,0.003283230936029481,0.021850641738911745,0.650308910756734
118,2026-05-19T02:49:03,Миша,ты бредишь,0.061680892198731754,0.002686012752595495,0.025919118339889278,0.7517369405375727,0.006583949850750086,0.023324402397219262,0.12806868392324147
119,2026-05-19T02:49:09,Миша,пытаешься прикрыться,0.01481829256324083,0.05746658550521435,0.011589323863996234,0.1006434243437833,0.023740813766460606,0.009254051038374136,0.7824875089189306
120,2026-05-19T02:49:16,Миша,давай не болей пж,0.02598280031450795,0.01909870083973366,0.03978094690381663,0.3587179263110301,0.006771042497669203,0.009112582823904562,0.5405360003093379
121,2026-05-19T02:49:29,Эвелина,постараюсь,0.8520672601583061,0.0750794819054737,0.0031565365510202873,0.003518983666159112,0.0014679230213045147,0.00316315977025606,0.06154665492748007
122,2026-05-19T02:51:32,Миша,навайбкодь скрипт который за тебя раз в день будет заходить прожимать,0.07340687169505977,0.026836554564090457,0.03140405105439047,0.22769543115509328,0.010538786031591516,0.013395589573635744,0.6167227159261388
123,2026-05-19T02:51:39,Миша,а если типа не прожалось,0.02168496122141567,0.002883509449799858,0.028510518158889286,0.1262063506981723,0.003773354130291039,0.027383715003009606,0.7895575913384222
124,2026-05-19T02:51:42,Миша,пистаь тебе в тг ботом,0.0340055808764485,0.024685976781745188,0.01611841267684159,0.2866031255754571,0.0033768436358970404,0.010803910650701134,0.6244061498029095
125,2026-05-19T02:51:44,Эвелина,та я знаю),0.6794045125255442,0.009231701009146663,0.0051951990896825975,0.006103491379339829,0.001923831244786826,0.12628896927368363,0.17185229547781627
126,2026-05-19T02:51:46,Миша,что алярм ошибка,0.025965567052617128,0.0026497501705394946,0.06905183023204305,0.2096827320042055,0.010363777441893377,0.1538819288115273,0.5284044142871741
127,2026-05-19T02:51:52,Миша,норм тема,0.10072704841207325,0.003991632211606243,0.0028609815172002022,0.04245615993660909,0.001319768589550154,0.03442481350271028,0.8142195958302508
128,2026-05-19T02:51:53,Эвелина,так и хочу сделать потом,0.09274269949740249,0.05158669960476155,0.004009443306566485,0.022666706303416755,0.0017766787236334662,0.024278573210921146,0.802939199353298
129,2026-05-19T02:52:00,Миша,че знаешь,0.09669025636795844,0.008149906732354566,0.004428517516008412,0.020870903303786888,0.0015684137757938906,0.319802509926173,0.5484894923779248
130,2026-05-19T02:52:04,Миша,я от всего сердца,0.13763133090481955,0.1521854981869574,0.3068500453367719,0.020459065977004122,0.014858122652225553,0.012951430808854823,0.3550645061333667
131,2026-05-19T02:52:05,Миша,подумал,0.05119793086753774,0.004760608920200653,0.002266160511880953,0.01537410080067928,0.004121128769051483,0.16444058634342287,0.7578394837872271
132,2026-05-19T02:52:07,Миша,предложил,0.029631261870193756,0.004627158226755447,0.0031369350836004204,0.01257214874075022,0.001849740521156679,0.017250758291948137,0.9309319972655954
133,2026-05-19T02:52:09,Эвелина,ой,0.11731860537201576,0.0023033879194512626,0.010638173961815134,0.04028978986281832,0.002887692240750871,0.1366723899040407,0.6898899607391079
134,2026-05-19T02:52:11,Миша,а она все знает уже,0.13840345118531983,0.0067596273756457,0.005800032845372838,0.009195738448179445,0.00148431541723703,0.10684896995433692,0.7315078647739083
135,2026-05-19T02:52:13,Миша,пиздец,0.02058705097540653,0.0016053006108163969,0.04255955460850912,0.820014142413773,0.011847830272137047,0.017439820978841104,0.0859463001405169
136,2026-05-19T02:52:15,Миша,сори сори,0.011841663803136893,0.002685076053635374,0.013887183203284362,0.06300181713238763,0.004802078711463696,0.012485019237981123,0.8912971618581108
137,2026-05-19T02:52:15,Эвелина,дшфуквдфукрплое,0.028004829616694423,0.0020423220524478547,0.009750719358632002,0.041534589136890544,0.0042578740290519935,0.010166274472236603,0.9042433913340466
138,2026-05-19T02:52:18,Эвелина,СОРИ,0.011397762058528464,0.003480467130366934,0.010321474947663483,0.0573883481029538,0.0032649165976186803,0.011218788373066379,0.9029282427898023
139,2026-05-19T02:52:20,Миша,загптшила уже все,0.027734656097120773,0.0035183176154759974,0.23618568137417684,0.09804744549851437,0.02575748158192494,0.018959599037254023,0.589796818795533
140,2026-05-19T02:52:22,Миша,понятно,0.29020891609778204,0.010242259860176166,0.005303630148472455,0.013561352795426525,0.0014150699855659092,0.19609454819787317,0.48317422291470374
141,2026-05-19T02:52:23,Эвелина,не,0.01607890987358936,0.003725141406060428,0.031648166121960204,0.42952147959391673,0.003993247389469595,0.028889377063903415,0.4861436785511003
142,2026-05-19T02:52:29,Эвелина,ну это 1я идея,0.3091316821378777,0.003073825780102805,0.0031176397037337208,0.06005594508153343,0.0016774922357390585,0.05612684158503755,0.5668165734759758
143,2026-05-19T02:52:40,Миша,а типа у меня еще и идеи банальные,0.13862468786364293,0.002871013596024809,0.023610301728239576,0.46227587842556367,0.006972083678660101,0.05065296108841769,0.31499307361945106
144,2026-05-19T02:52:41,Миша,пон,0.02127244772754616,0.0023733781860640025,0.006278208496281587,0.03949764060155743,0.0015655328275755915,0.01551341482507278,0.9134993773359025
145,2026-05-19T02:52:44,Миша,все ясно,0.38767978496598043,0.0061595408647316,0.005768591547213456,0.016562261716771352,0.0015175590975325048,0.10503133601588695,0.47728092579188364
146,2026-05-19T02:52:47,Эвелина,😭😭😭😭😭😭😭,0.039711069864762485,0.019349779545706745,0.8719724984568062,0.01715859215895571,0.018421404455697774,0.005201831363268398,0.02818482415480262
147,2026-05-19T02:52:51,Миша,вот у девы марии наверное был нормальный муж,0.30031079246179454,0.00575957228930612,0.0062493836128767015,0.03563098810659491,0.0009906055559412584,0.03915499423263043,0.6119036637408559
148,2026-05-19T02:53:03,Миша,который вместо поцелувков чет полезное делал,0.5849057399019532,0.08892344631965685,0.0031331275185469674,0.018543869268989942,0.0008901902367447987,0.008947097382253296,0.2946565293718548
149,2026-05-19T02:53:07,Миша,хорошие идеи предлагал,0.8540279547903101,0.02056280712802104,0.0022522712869200963,0.005968591631667262,0.0005436106868816057,0.00486291429299118,0.11178185018320867
150,2026-05-19T02:53:08,Миша,и тд,0.015547177671590594,0.004494210783287213,0.005683964396688385,0.05720613687462082,0.001969079927198311,0.025454976886861415,0.8896444534597532
151,2026-05-19T02:53:13,Эвелина,иосиф да,0.13390172144993553,0.0051702117097621935,0.002813303437224565,0.014542207702754282,0.0007961311979775026,0.010373659721276685,0.8324027647810693
152,2026-05-19T02:53:16,Миша,сори что not enough,0.02282996913837363,0.004248499010034487,0.07350973296063858,0.29827423196889735,0.004616370752113622,0.028255265615545366,0.5682659305543969
153,2026-05-19T02:53:20,Миша,виссарионович?,0.011428462130140206,0.0034861983438121066,0.00589854394181205,0.026705666487517373,0.004825565263814774,0.5180844010021455,0.429571162830758
154,2026-05-19T02:53:30,Эвелина,вряд ли,0.021534527910631665,0.0024282301482481373,0.04890475468459786,0.26904021966509156,0.005666342075162419,0.11040621687134472,0.5420197086449235
155,2026-05-19T02:53:34,Эвелина,блин прикольно,0.8901706436486864,0.003511667058764734,0.014121858488348476,0.043665857168519055,0.0024290857200199765,0.005952450460939786,0.04014843745472182
156,2026-05-19T02:53:42,Эвелина,сталина звали как мужа девы марии,0.03932313642392091,0.006176912930126898,0.0074420471012354395,0.03070767009706174,0.0013869297435199954,0.06498812403758118,0.8499751796665538
157,2026-05-19T02:53:59,Миша,а его жену как,0.032492810326339584,0.004600097182204753,0.010178859963248538,0.0761191131603741,0.0016696546250604832,0.04547933063963523,0.8294601341031373
158,2026-05-19T02:54:08,Миша,надя,0.05739359503074058,0.005108633580848798,0.006679255966873331,0.0636303824036848,0.0019739606810910285,0.012280507416605345,0.8529336649201562
159,2026-05-19T02:54:09,Миша,(,0.012019610597176048,0.006993911029779563,0.40612717600815895,0.044384084897470893,0.018154504968941172,0.035917555586981925,0.4764031569114913
160,2026-05-19T02:54:19,Эвелина,ой там интересная такая была тян,0.8680035700824185,0.0029134908443858203,0.005219295961018222,0.010405298331315236,0.0030852133836103577,0.07426760241574293,0.036105528981508844
161,2026-05-19T02:54:25,Миша,жопа вся в помаде,0.04748593313289953,0.13246402744150493,0.16962465417005848,0.11077415816426969,0.022736730897253424,0.005258547108235112,0.5116559490857788
162,2026-05-19T02:54:29,Миша,потом(,0.009385397830682306,0.009622267401262631,0.42500377061345895,0.051738286117805274,0.02012604048102081,0.049272534878800775,0.4348517026769694
163,2026-05-19T02:54:33,Миша,расскажешь пж,0.028810943942042016,0.003741030029207392,0.005736269101440005,0.03057154754474981,0.002374322774507039,0.18291936386076157,0.7458465227472921
164,2026-05-19T02:54:39,Эвелина,аллилуева,0.016903373622170627,0.0019736777167004443,0.007095978336758389,0.042904833581013664,0.002467121915264936,0.01315984774566949,0.9154951670824224
165,2026-05-19T02:54:39,Миша,мне интересно,0.5046544964953996,0.027063186659239347,0.0035667643314330976,0.007271786890885875,0.008581295959211251,0.4135545835215983,0.03530788614223234
166,2026-05-19T02:54:40,Эвелина,прикинь,0.009047274624454787,0.008143212644249229,0.011050927893824669,0.033354333132872796,0.003318668409861685,0.017559706742614097,0.9175258765521228
167,2026-05-19T02:54:45,Эвелина,вххаха,0.6049026714559192,0.004802813228277061,0.01225939363841916,0.010121428758091093,0.002908489157398603,0.013658121867200413,0.3513470818946943
168,2026-05-19T02:54:52,Миша,"нет, сталина",0.04424973440760687,0.002742452089085654,0.03695637827905992,0.3940151536065309,0.0029342131989397438,0.030979634910353177,0.4881224335084238
169,2026-05-19T02:54:57,Миша,у нее папа был,0.035980178673494616,0.00472094380012634,0.007576042043706993,0.016532673585269653,0.002166092836518573,0.03116630399389901,0.9018577650669848
170,2026-05-19T02:54:59,Миша,сталь,0.02619390659801266,0.0022910206412860823,0.005432722720854343,0.024612652503931173,0.002110857354140843,0.012029692293341563,0.9273291478884332
171,2026-05-19T02:55:49,Эвелина,типа хвала господу,0.5095239057010659,0.19366343060275418,0.007295545317477408,0.0233156820970142,0.0010106741943045974,0.009728092862084717,0.2554626692252991
172,2026-05-19T02:55:57,Эвелина,"не, мы в какойто рил матрице живем",0.10947298019784103,0.00260702912860611,0.033745243830687256,0.2519630215408056,0.0023586925304251655,0.08668671682626551,0.5131663159453693
173,2026-05-19T02:56:38,Миша,угу,0.03053375113931239,0.002457931291820441,0.0054256526688388085,0.11515880325976606,0.002388199172245557,0.030299840859814898,0.8137358216082018
174,2026-05-19T02:56:43,Миша,лан все,0.11077844729038112,0.00433302428464957,0.01468097203417191,0.11158768325241826,0.0019907086843197774,0.0069856778403359,0.7496434866137235
175,2026-05-19T02:56:44,Миша,пора,0.044266989588643245,0.0028629088487411663,0.010870807752996751,0.029592180024583047,0.0020787147652265698,0.06867500774415124,0.841653391275658
176,2026-05-19T02:56:48,Эвелина,ты спать?,0.011631790133745485,0.014289839065877302,0.011399751702043062,0.02565109190554332,0.00915734843334593,0.4616212976987071,0.4662488810607378
177,2026-05-19T02:56:53,Миша,еще надо 2 часа поспать успеть,0.0583195914194537,0.010189263189047143,0.04520655221158365,0.040173324865046926,0.008511093854007024,0.024991927780757713,0.8126082466801039
178,2026-05-19T02:56:53,Миша,не,0.01607890987358936,0.003725141406060428,0.031648166121960204,0.42952147959391673,0.003993247389469595,0.028889377063903415,0.4861436785511003
179,2026-05-19T02:56:56,Миша,билеты читать,0.04945748527122315,0.009668154260742122,0.0033891535054649626,0.012253350491644343,0.0014716924484026003,0.01583910849742359,0.9079210555250992
180,2026-05-19T02:56:58,Эвелина,угу,0.03053375113931239,0.002457931291820441,0.0054256526688388085,0.11515880325976606,0.002388199172245557,0.030299840859814898,0.8137358216082018
181,2026-05-19T02:57:00,Эвелина,давай,0.04830532698448727,0.009953853364012175,0.0023413160772702054,0.02572351714170124,0.0016142863751383034,0.010258481204761107,0.9018032188526296
182,2026-05-19T02:57:06,Миша,ты когда спать?,0.012172721892027793,0.010993172846188169,0.011003678806109491,0.022378008503688197,0.009381496640973222,0.4883295003284953,0.44574142098251773
183,2026-05-19T02:57:32,Эвелина,через час гдет максимум,0.07610853930815001,0.0038818678585207495,0.006360911486635988,0.01402256006245586,0.0013208697066867323,0.01865180501350016,0.8796534465640505
184,2026-05-19T02:57:35,Миша,оке,0.18790868771910108,0.025419728548973963,0.002442398151379978,0.01190056069455335,0.0009873296805671694,0.018022382825528753,0.7533189123798958
185,2026-05-19T02:57:44,Эвелина,<3,0.02302064775167713,0.003168225776243081,0.0037740184643138457,0.012893917620791477,0.002036432461316612,0.013082968325373081,0.9420237896002848
186,2026-05-19T02:57:46,Миша,спокойной тада,0.4107970890485222,0.07257058623559508,0.01516986967092798,0.006862257312007449,0.0042929836525957025,0.008944626828335096,0.48136258725201625
187,2026-05-19T02:57:48,Миша,❤️,0.03233666016649597,0.0029654130355781408,0.005545468386313712,0.015098483402805686,0.002035324841105978,0.01946365508623994,0.9225549950814605
188,2026-05-19T02:57:48,Эвелина,я тебя люблю,0.07104695970584525,0.91043685477047,0.0015161990707787086,0.002672500888274845,0.0023407178639787587,0.002386204436281416,0.009600563264371057
189,2026-05-19T02:57:51,Эвелина,доброй ночки,0.5267618384863564,0.04511225161760381,0.006642756483522716,0.02329761079453246,0.0013698472970812578,0.004733255405008079,0.3920824399158953
190,2026-05-19T02:58:07,Эвелина,сил завтра,0.13590173938452166,0.006666986310811078,0.01003293005122225,0.019226575699566262,0.002962343102405389,0.01287008469876613,0.8123393407527073
191,2026-05-19T02:58:19,Эвелина,и удачного билета,0.8433681786330756,0.029941714223570427,0.004341572219708442,0.003407434418390136,0.000986444893994556,0.009510713073824699,0.10844394253743624
192,2026-05-19T02:58:31,Миша,"cgfcb,b, ❤️",0.024196013071373673,0.003889534974063835,0.003859320200199197,0.010848945326699173,0.0017585623761248667,0.01176222657056571,0.9436853974809736
193,2026-05-19T02:58:34,Миша,я тоже,0.13083140741072674,0.008816377932858065,0.0035146018021215667,0.011076599637646956,0.0022277491122075304,0.03451676338557595,0.8090165007188632
194,2026-05-19T02:58:37,Миша,спасибао,0.13396469941141198,0.19698692914155133,0.04889912228196023,0.01207060330976764,0.012517509126777187,0.0075390019135590305,0.5880221348149727
195,2026-05-19T02:58:41,Миша,ыывапывлажпыапопоп,0.011402440199928268,0.004061023124168062,0.008325287326311005,0.01722193506976979,0.005400571418207253,0.012306760170613565,0.9412819826910019
196,2026-05-19T13:54:33,Эвелина,ну как?,0.0175910203428398,0.0058153185258899,0.00380316663199791,0.027300773837009486,0.0034166070394482015,0.5154229077595,0.42665020586331476
197,2026-05-19T13:58:52,Миша,бля ну там забавно,0.9582254426359725,0.003660702118234145,0.0035198287552917957,0.008775888482417532,0.001793688993613257,0.011006480198080648,0.013017968816390248
198,2026-05-19T13:59:01,Миша,был 1 фейкер,0.016022542314513902,0.001288713354921502,0.024106104573222473,0.23727821790170797,0.013438893048939965,0.03740652464744711,0.6704590041592471
199,2026-05-19T13:59:03,Миша,факер,0.030854219219827315,0.002164706844266939,0.004959261941180158,0.017347026732864347,0.0042278108357192805,0.008829654317632933,0.9316173201085091
200,2026-05-19T13:59:13,Миша,я случайно к нему сам пошел на +w,0.05214587773204695,0.008774301782404792,0.02727384950831533,0.012526451416599683,0.014914384929098117,0.12667416762986447,0.7576909670016707
201,2026-05-19T13:59:27,Эвелина,окак,0.1198666422198448,0.003548356767813594,0.0032460189734672047,0.01167963047340384,0.0012643984641746103,0.016809572138804078,0.8435853809624919
202,2026-05-19T14:02:39,Эвелина,как же ахуенен,0.2220998235458807,0.0026152896606424134,0.021004815999309784,0.1055111355714764,0.005757309483572387,0.19311773766341306,0.4498938880757052
203,2026-05-19T14:02:45,Эвелина,поздравляю!!,0.5006913116594223,0.4613580967661478,0.0032964762822539164,0.002363821850121433,0.002241018568691852,0.003949031991761838,0.026100242881600885
204,2026-05-19T14:07:41,Миша,угу,0.03053375113931239,0.002457931291820441,0.0054256526688388085,0.11515880325976606,0.002388199172245557,0.030299840859814898,0.8137358216082018
205,2026-05-19T14:07:52,Миша,ну в моменте тряска кнш была,0.032799440251237884,0.0017747788620879556,0.04440614653890894,0.03646516266454381,0.010471178446659716,0.029500369859019625,0.844582923377542
206,2026-05-19T14:08:36,Миша,тильтовая,0.03808917210540286,0.006305702371228545,0.0022558559214943116,0.016334512638856425,0.0014139124641652184,0.008210511311327951,0.9273903331875246
207,2026-05-19T14:08:36,Миша,типа я сам к фейкеру пошел на ласт экзе,0.039966402090613036,0.0013936762796390326,0.02932802622078952,0.5082928524667979,0.010806226999386185,0.04991908528476284,0.36029373065801157
208,2026-05-19T14:08:36,Миша,по фану,0.0381943920920217,0.006851937161197626,0.0024423067312584774,0.02011738757328367,0.0017507376353279947,0.007676537648499658,0.9229667011584108
209,2026-05-19T14:09:32,Эвелина,ну это скилл,0.0788790845606097,0.002144141371209592,0.008049905369197238,0.023580672776546078,0.002616837459565746,0.017055235944120947,0.8676741225187506
210,2026-05-19T14:09:36,Эвелина,я бы так не смогла,0.09220329801211652,0.00701572038511222,0.14394487457429256,0.26326249446606054,0.00655174899772071,0.04786123781350967,0.4391606257511878
211,2026-05-19T14:14:38,Эвелина,),0.21603092654523692,0.007680282163921606,0.0028090732056081573,0.00820837654052604,0.0013997781732034834,0.017569108759335754,0.746302454612168
212,2026-05-19T14:14:47,Эвелина,какие планы теперь,0.09522436949850893,0.002509334807212116,0.005536099009299254,0.049060976565401794,0.0016389116027682536,0.13747601946438157,0.7085542890524281
213,2026-05-19T14:16:27,Миша,заснуть хз до вечера,0.17529947882040708,0.001293044186791837,0.04963158307766657,0.11733505521403738,0.00931819016647984,0.16103278159423984,0.4860898669403774
214,2026-05-19T14:16:32,Миша,а вечером домашку в шад дослать,0.013667587657909092,0.005301207539545702,0.016016390346507738,0.048461735786683016,0.00600742034327888,0.00984676082553188,0.9006988975005438
215,2026-05-19T14:16:36,Миша,так как дедл сегодня,0.3620536638666127,0.006565558091115712,0.008849122161797774,0.013438682291149591,0.0015028539671685867,0.03669811212598361,0.5708920074961721
216,2026-05-19T14:16:43,Эвелина,поняв,0.039073554613530424,0.00952349100921816,0.01116680283266305,0.01295102046503219,0.006481195744120834,0.2018969084111841,0.7189070269242511
217,2026-05-19T14:16:46,Миша,мб вообще фул шад закрою вечером,0.033103418029259285,0.003971965248170056,0.045954371179945004,0.46175658461812524,0.008081494517754856,0.027552384230111235,0.41957978217663444
218,2026-05-19T14:16:58,Эвелина,"а там все, конец",0.06366897795176196,0.004532835680218439,0.03249457606710306,0.026782874772657672,0.0026454317899720207,0.022850544694560694,0.8470247590437261
219,2026-05-19T14:17:05,Миша,"меня в кк звали, но я чет не вывезу",0.034342851435553025,0.004339627668886743,0.05368779270633302,0.26917049710750873,0.005716895664561737,0.07660887542908362,0.5561334599880731
220,2026-05-19T14:17:21,Миша,"мне тогда сейчас надо шад делать, а я спал час",0.2291496490030592,0.006518156444800854,0.09170910871789414,0.08061998784482337,0.024958830576227723,0.04003400932682723,0.5270102580863675
221,2026-05-19T14:17:26,Эвелина,ох,0.16289728151775681,0.0034635048784881555,0.01473400337406537,0.06270058795317103,0.015400019395194815,0.3972227778051272,0.34358182507619656
222,2026-05-19T14:17:34,Миша,нуу,0.10782197848323571,0.006970760066004328,0.004498707917089704,0.056365282140054845,0.0013087929259445134,0.03507659042175085,0.78795788804592
223,2026-05-19T14:17:36,Миша,финиш,0.0789234933768392,0.003461182245426951,0.005972738356454935,0.0165435005665663,0.0011748053389083295,0.007760837991451305,0.886163442124353
224,2026-05-19T14:17:37,Миша,да,0.2987862910706934,0.00696909579545276,0.0029447406521971396,0.015093738265229448,0.0008046349263485229,0.017071475710451645,0.6583300235796271
225,2026-05-19T14:17:43,Эвелина,конечно поспи,0.04091912668047146,0.013234539602930386,0.008130346662288514,0.01600770873403301,0.004551003219621226,0.008474040675215004,0.9086832344254405
226,2026-05-19T14:17:50,Миша,"1 домашка по роботиксу, 0.5 по статам",0.029263595472332374,0.00314129924492864,0.00931488677862819,0.014604121579795671,0.002383769538777361,0.011407875768501248,0.9298844516170365
227,2026-05-19T14:26:36,Миша,у тебя как,0.1437414454251586,0.06345365087473546,0.003600995029319284,0.01889205391992594,0.002098606728231336,0.08022810478733523,0.6879851432352941
228,2026-05-19T14:28:14,Эвелина,а я тока проснулась блин,0.09749852699483808,0.002715898130052734,0.4084290505403314,0.18874117160801185,0.08223840083013821,0.04404456881127496,0.17633238308535287
229,2026-05-19T14:51:38,Миша,А я вот засыпаю,0.025438294006782023,0.004533757849338658,0.027179989615111182,0.02462313570893895,0.019969123128398488,0.03720885538961986,0.8610468443018109
230,2026-05-19T14:51:40,Миша,аы,0.020230933659322308,0.0028512148108138925,0.004174670652039763,0.022694140091240496,0.0015571456732938775,0.013420665525859653,0.9350712295874299
231,2026-05-19T14:51:44,Миша,какие планы,0.08972757223762866,0.002668860117772962,0.004802529950890629,0.05430474753022894,0.0017967746643051223,0.15196193421907606,0.6947375812800975
232,2026-05-19T14:52:45,Миша,"лан, я на часик",0.27933009800998426,0.0026796775491841657,0.014392015532740918,0.06412228149631605,0.002066921015208544,0.014761165334959647,0.6226478410616064
233,2026-05-19T14:53:26,Эвелина,пральна,0.5623216014707912,0.009279224363863256,0.006459543361204736,0.03582923585465064,0.001349040900911993,0.0075575955464323745,0.3772037585021455
234,2026-05-19T14:53:37,Эвелина,дальше диплом тыкать,0.04795723381581913,0.021646577120522693,0.008724896030556236,0.1444573939740829,0.0017811791252396758,0.01887703908468497,0.7565556808490944
235,2026-05-19T14:53:44,Эвелина,вчера чет забила,0.3562048693449172,0.0034472537955455448,0.11752495268448257,0.05802665888817571,0.005285975492644456,0.05578812283736891,0.40372216695686564
236,2026-05-19T14:53:58,Эвелина,мб еще задачку с литкода гляну для разнообразия,0.2172316351113285,0.006042661998325546,0.004354707811356705,0.019004251128222356,0.0017182266380440907,0.03958386769917497,0.7120646496135479
237,2026-05-19T14:54:54,Миша,окей,0.15520281620212764,0.013122937143263982,0.002839277112181797,0.012352216900884495,0.0009241423253888314,0.010730129022482085,0.8048284812936712
238,2026-05-19T14:55:00,Миша,ну ты знаешь,0.11657725142613548,0.014815554862573384,0.0025898442666906145,0.016981908083298736,0.0016349059982963428,0.2120510053179571,0.6353495300450482
239,2026-05-19T14:55:06,Миша,деньги стоят 40 тыщ,0.15009585271662293,0.016086498800753045,0.013587959034847483,0.10759919448132974,0.0018675254158883208,0.006529900966373499,0.704233068584185
240,2026-05-19T14:55:10,Миша,вся эта кровь мне,0.10061873420081834,0.023932941223587984,0.08369253127407064,0.06926763977261816,0.010391258066575414,0.017222031540527195,0.6948748639218022
241,2026-05-19T14:55:14,Миша,"пиши, если че",0.01878692107395308,0.014847732604453273,0.010269003951584827,0.05842731563925773,0.0018976783880014325,0.02257114221804724,0.8732002061247024
242,2026-05-19T14:55:18,Миша,3 мантры,0.04183220995257549,0.002196166976857679,0.00513818667356318,0.01564169153040699,0.0014785099631208782,0.010601610771148896,0.9231116241323268
243,2026-05-19T14:55:19,Эвелина,угу,0.03053376527055878,0.002457932209612991,0.005425654694779735,0.11515887371612207,0.002388201202782908,0.030299835468182164,0.8137357374379615
244,2026-05-19T21:10:34,Эвелина,😭😭😭😭😭😭😭😭😭,0.04205175197624138,0.023227203501163498,0.8639862974630249,0.017673852233960292,0.02000911363685229,0.005276784999111672,0.027774996189645705
245,2026-05-19T21:10:42,Эвелина,навсегда без сыра с плесенью,0.09926418322932748,0.013983099009227194,0.08387455323763277,0.15282831540984998,0.013198064549379022,0.006191847708094836,0.6306599368564888
246,2026-05-19T21:11:17,Миша,м(,0.011646883377041785,0.0038282431511474594,0.41171950575519206,0.05209647404839642,0.017911874084984073,0.039435614379119924,0.46336140520411834
247,2026-05-19T21:11:56,Эвелина,один раз блять,0.020357333022583076,0.0033435676299618643,0.031632815851322695,0.7905956903160819,0.009498470696821016,0.009362769862880082,0.13520935262034947
248,2026-05-19T21:12:08,Миша,что,0.036228497996164316,0.0020452338366160096,0.005452033329600021,0.034917540842152095,0.0021903979051846006,0.09517472949073696,0.823991566599546
249,2026-05-19T21:12:30,Эвелина,один раз можно пломбир,0.0484676386782896,0.007435797200102534,0.12021235862112992,0.14374010352634056,0.007487807890095579,0.007488426498714884,0.665167867585327
250,2026-05-19T21:12:35,Эвелина,и никогда,0.04617755619452317,0.0025637486041533448,0.015460017140610662,0.03231717841597259,0.001837030382169459,0.03048538457129777,0.871159084691273
251,2026-05-19T21:12:37,Эвелина,сыр,0.02285055426401801,0.0026377915335886845,0.014699365576338835,0.04684077421689428,0.0028605710460995917,0.01026346075586907,0.8998474826071915
252,2026-05-19T21:12:50,Миша,ну чатджибиди хуйню нести может,0.08251628216238222,0.004059969156654988,0.01917623268326062,0.6024650786571167,0.004461044368474343,0.01794535494275176,0.2693760380293593
253,2026-05-19T21:13:01,Эвелина,нет все,0.02922738051738478,0.004201650596293367,0.03705744592054695,0.37604960731248355,0.0030940747051167554,0.02577030490700246,0.5245995360411723
254,2026-05-19T21:13:09,Эвелина,мне ничего нельзя я умру в бессырьи,0.050366616450766497,0.005797984022753147,0.13701303978586074,0.6356936545363969,0.007356090932654765,0.018425814538939756,0.14534679973262793
255,2026-05-19T21:13:11,Миша,"хз не вижу, как человек может 3 месяца восстанавливаться",0.10711429353914546,0.0024258406697374585,0.0815853182570238,0.1955481774440455,0.004892717758119417,0.23632496106166123,0.3721086912702672
256,2026-05-19T21:13:16,Миша,после пломбира,0.01381511178896055,0.008107395803810655,0.0911613642249668,0.07004872261572236,0.00995599645502644,0.012587851475486137,0.7943235576360271
257,2026-05-19T21:13:23,Миша,типа раз в 3 месяца же,0.051572665921883885,0.003462513007373944,0.008040634122021256,0.013372569811726897,0.0013785732712866749,0.04255775652268508,0.8796152873430223
258,2026-05-19T21:13:35,Эвелина,не,0.01607890987358936,0.003725141406060428,0.031648166121960204,0.42952147959391673,0.003993247389469595,0.028889377063903415,0.4861436785511003
259,2026-05-19T21:13:50,Эвелина,типа лучше вообще не есть,0.08708376864373552,0.01813120907407629,0.027300535285976667,0.5117555434407524,0.0019250974183729213,0.028026370863536976,0.32577747527354917
260,2026-05-19T21:14:03,Эвелина,но через три месяца можно один раз поесть,0.18209291871691066,0.02098291251535558,0.016187868340645152,0.014330535200292377,0.0013733687672602597,0.017300370005487477,0.7477320264540485
261,2026-05-19T21:14:33,Миша,один раз в какой периоз?,0.012115262760813065,0.00362191156822671,0.00591835762557183,0.02235642107755358,0.004731234122330013,0.638142438462956,0.31311437438254885
262,2026-05-19T21:17:18,Эвелина,иногда,0.04238092888001171,0.0030727558734603387,0.007408319031683468,0.010826462028378243,0.0018895566015981408,0.03185949494307931,0.9025624826417888
263,2026-05-19T21:17:24,Эвелина,не это пиздец,0.020338623796622646,0.002298263371246299,0.02954822189727219,0.7999466394356151,0.0077700909290639286,0.012293629107742371,0.12780453146243748
264,2026-05-19T21:17:52,Миша,сука(,0.006438377633306597,0.003254836613965507,0.5488287046631536,0.3213367700032559,0.01764168704308036,0.015070537024904192,0.08742908701833367
265,2026-05-19T21:18:09,Миша,а какой повод вообще,0.055206460050739335,0.00400074541843632,0.004279930728702697,0.063227894463489,0.0026000917842411617,0.07780558747737593,0.7928792900770155
266,2026-05-19T21:18:15,Миша,поч решила потильтовать,0.023171781144280246,0.012058178536368784,0.01649487237512717,0.0239276103278003,0.0034889332575304766,0.009043087474524984,0.9118155368843681
267,2026-05-19T21:18:30,Миша,конкретно что-то или оверол,0.08092266823321718,0.00442356961576463,0.0067441186782454445,0.023960928831849578,0.0013236344933968004,0.11927104233974646,0.76335403780778
268,2026-05-19T21:18:41,Эвелина,хз во вкусвилле нашла пломбир с горгонзолой,0.3519937586473334,0.0035312349688645253,0.029489175587968187,0.04115789254243587,0.002357796474567989,0.08477902840020243,0.4866911133786277
269,2026-05-19T21:18:46,Эвелина,захотелось,0.14488689958420706,0.48841620725952656,0.008115558294357582,0.009575958390995922,0.004345726019974323,0.03612632640150549,0.30853332404943296
270,2026-05-19T21:18:50,Эвелина,а мне нельзя,0.022362037359600344,0.006862287320965402,0.0552044347296779,0.4301706412647109,0.008706326193262486,0.04661449102657405,0.4300797821052089
271,2026-05-19T21:19:25,Миша,мда,0.031389108977678715,0.0014016480770467279,0.008815383729158972,0.04003352730226569,0.002126066938431714,0.018830131620047385,0.8974041333553708
272,2026-05-19T21:19:37,Миша,😞,0.03233666016649597,0.0029654130355781408,0.005545468386313712,0.015098483402805686,0.002035324841105978,0.01946365508623994,0.9225549950814605
273,2026-05-19T21:20:51,Эвелина,на шашлыки не зовите крч,0.018323442837736792,0.018658628827760978,0.01320614087704599,0.27699405356481005,0.006985675828339068,0.011035574931506531,0.6547964831328007
274,2026-05-19T21:20:58,Эвелина,острое мне тоже нельзя больше,0.03635575662973602,0.004455501184999282,0.0657724935398133,0.46356076429443455,0.03743690129871018,0.05882126934823911,0.3335973137040676
275,2026-05-19T21:24:39,Миша,да хуйня это,0.24908978676347748,0.007666565928360441,0.026838526468197958,0.6025152703582822,0.005348982329434488,0.010315136904016033,0.0982257312482313
276,2026-05-19T21:24:48,Миша,"все зарастет, это бред",0.1394956787394012,0.003634335966949322,0.029292127183660352,0.5968662427221255,0.02244752066242394,0.016687524875932808,0.19157656984950694
277,2026-05-19T21:29:44,Эвелина,зарастет офк,0.013215684629260633,0.004285923038646987,0.006714464353829413,0.039501487931900295,0.006442592995047808,0.008990792982689674,0.9208490540686252
278,2026-05-19T21:29:51,Эвелина,но говорят не есть или не пить чето,0.022605473817666817,0.002462835967123047,0.028498352490438625,0.30135576351482435,0.0032593905353879996,0.048823346116571735,0.5929948375579873
279,2026-05-19T21:29:56,Эвелина,чтобы заново не ебнуло,0.018286214342793074,0.0026793108707191303,0.05369355833699538,0.24803689424029424,0.00807346626059447,0.027373488522312125,0.6418570674262916
280,2026-05-19T21:43:31,Миша,пф и ты поведешься,0.05286737466442757,0.012073840435502541,0.0022165751260389667,0.038437881921753334,0.0026033957603619276,0.05848222983586022,0.8333187022560554
281,2026-05-19T21:43:39,Миша,они так говорят,0.04939258829283758,0.0022892725301563595,0.004130237287425948,0.029317700887753945,0.0015696598954507797,0.014406859558370604,0.8988936815480048
282,2026-05-19T21:43:46,Миша,чтобы из игроков леймиков делать,0.034327047950023004,0.00926111079807591,0.004958141658915055,0.02940196806727715,0.0013045480811920466,0.00821241788294939,0.9125347655615675
283,2026-05-19T21:43:49,Эвелина,чтобы им больше досталось,0.04381583628199028,0.0424968058508839,0.012039309761320798,0.0256582691948851,0.0014505405934443919,0.009593778586630136,0.8649454597308455
284,2026-05-19T21:43:58,Эвелина,вхазпхрх,0.026673707923305635,0.0020442235661567013,0.015770139568561003,0.05924723484498453,0.003579240212198007,0.0166526752482579,0.8760327786365363
285,2026-05-19T21:44:22,Эвелина,очень хорошо описывает то что этот мир делает со мной,0.8699983358069233,0.04651616616353717,0.008435200933651575,0.0034508145280438916,0.0014025863171375288,0.012522261638609377,0.05767463461209714
286,2026-05-19T21:44:27,Эвелина,да,0.29878638996126333,0.006969097271262861,0.0029447395205878914,0.015093736963269096,0.0008046350008220113,0.01707147372912543,0.6583299275536693
287,2026-05-19T21:44:31,Эвелина,это про меня,0.06882010026057124,0.010875427017605884,0.017482472068349148,0.02834625207864473,0.004350482362714604,0.11000195778525972,0.7601233084268547
288,2026-05-19T21:44:46,Миша,лошара,0.051267082051087896,0.0031264741135920556,0.00512409298112339,0.045098814908329926,0.0023146663310514843,0.011898567761467797,0.8811703018533473
289,2026-05-19T21:44:54,Миша,я свою синюю лампочку в жопе спрятал,0.020314620941431983,0.014472115955174662,0.051935467774001806,0.05198773977468082,0.03172305933466194,0.05441707575795104,0.7751499204620977
290,2026-05-19T21:45:43,Эвелина,однажды найду,0.09277249842616375,0.0127025720995075,0.010732326200607871,0.007085948495707961,0.0021311484351932745,0.0733816507663363,0.8011938555764834
291,2026-05-19T21:46:04,Миша,нет.,0.021590095424089514,0.004428899516330878,0.028576543207432137,0.35039758162033485,0.002885988413485276,0.026711807850000643,0.5654090839683267
292,2026-05-19T21:46:25,Миша,кароче долой уныние,0.020277859419537234,0.002504959100608083,0.4527629752522078,0.23602391661446473,0.039057301620254,0.012600165073340351,0.23677282291958768
293,2026-05-19T21:46:34,Миша,блять,0.027549171598493342,0.0031011062951386893,0.027200117391954555,0.7525175213512808,0.006423308741540056,0.014808924356491353,0.16839985026510132
294,2026-05-19T21:46:36,Эвелина,да нет никакого уныния,0.09509340522559856,0.006316657403699952,0.1130615922557522,0.45721893504752475,0.005899510758801137,0.016078423233567053,0.30633147607505645
295,2026-05-19T21:46:38,Эвелина,все збс,0.019571669552435212,0.0034894223733615793,0.03685499963922983,0.708399171217853,0.011139591418224324,0.01068435877180502,0.20986078702709118
296,2026-05-19T21:46:41,Миша,ты должна шокировать свой организм,0.02789338671280064,0.0025704586394604783,0.010167002260535237,0.02748721607468224,0.025150724694895845,0.8271574822224439,0.07957372939518145
297,2026-05-19T21:46:51,Миша,к лету пойдем черный черепок пить,0.018434581108584026,0.003947301579164237,0.0235089467468918,0.10466988262480709,0.005788224686953429,0.009972271302095886,0.8336787919515036
298,2026-05-19T21:46:54,Миша,панкреатит охуеет,0.3338251439855015,0.0027016946012571592,0.09984759805923524,0.24213205144597913,0.03027613947653662,0.019646275077740014,0.27157109735375035
299,2026-05-19T21:46:58,Миша,и убежит,0.012804850382391852,0.02811972522727893,0.040345099334943645,0.10518149355177253,0.030412496070716274,0.00937257282995879,0.7737637626029379
300,2026-05-19T21:46:59,Миша,.,0.022256534683617824,0.004304469713527515,0.003936478576709443,0.015204450927001584,0.0019505458866317068,0.010869662331626931,0.9414778578808849
301,2026-05-19T21:47:05,Эвелина,вхаххахахахпхп,0.7317265299183423,0.008194174192602295,0.012594256485883696,0.009761624145482851,0.0030274623096594633,0.014931769325009454,0.21976418362302
302,2026-05-19T21:48:26,Миша,ты кста оч нишевая с ним,0.03377339656976675,0.012612305663353324,0.062373331799301726,0.31282672992395694,0.006343391368818705,0.014809390609292317,0.5572614540655103
303,2026-05-19T21:49:31,Эвелина,вот это меня ждет,0.2754735009973205,0.004117346259903169,0.08323905205662387,0.02951789472346289,0.04191180035027019,0.0579518483984487,0.5077885572139708
304,2026-05-19T21:49:31,Эвелина,"Завтрак: манка со сливочным маслом

Перекус: тост с маслом и сыром

Обед: морковь и лук, пекинскую капусту, нарезать и выложить на дно кастрюли, залить половиной стакана воды, выложить шарики из фарша индейки, потушить под крышкой на маленьком огне пол часа. Затем добавить сметаны пол стакана, укроп, перемешать и снять с огня. На гарнир рис. 

Ужин: омлет, черри и огурцы с оливковым маслом",0.03904630257723883,0.010654641103190072,0.007517967133656798,0.016585495331147133,0.002331690531366003,0.008480910341997635,0.9153829929814035
305,2026-05-19T21:50:34,Эвелина,"Хорошей погоды хватило на 3 дня, дождь весь день, даже не погулять 🙄 

Завтрак: кисель изотова, тост с адыгейским сыром

Перекус: печенье из моркови с курагой, мягкий творог. Печенье в этот раз сделала из жмыха на кисель изотова, очень удачно, еще вкуснее стали, более влажные

Обед: винегрет, печенье мария

Ужин: суп-пюре из чечевицы: 1/4 стакана чечевицы замочить в воде на ночь. Сложить в кастрюлю набухшую чечевицу, 1/2 лука, 1/2 моркови, 1 картофель и залить водой (чтобы покрывало все содержимое, но не сильно много). Варить до готовности, я использую режим ""суп"" в мультиварке - 1 час готовит. Затем блендировать до однородности, добавить соль, прованские травы, куркуму. Сверху оливковое масло и семечки немного

Да, бобовые сложный продукт,но если их замочить и хорошо разварить, то все хорошо у меня. Только фасоль осталась в стоп листе, там сколько не вари, все равно чувствуется,что чуть не то что-то потом.",0.48943408891431384,0.026761273260360995,0.034268341123030524,0.02628339080961214,0.0028104305541110514,0.0090738844624118,0.41136859087615985
306,2026-05-19T21:50:54,Эвелина,блять ряльна кисель,0.18135559600474527,0.004288889619321088,0.03463997305263361,0.42268064431191155,0.007164938107379445,0.013098195645136595,0.3367717632588725
307,2026-05-19T21:50:54,Эвелина,"Очень хорошо сегодня выспались! Я с 4 мая в отпуске🤩 я уже почти забыла,что значит это слово. Как раз есть несколько рецептов на пробу, до которых руки не доходят сейчас

Завтрак: кисель изотова, тост с маслом и легким сыром

Перекус: полента на молоке со сливочным маслом

Обед: винегрет (картошка, морковка, свекла, квашеная капуста, оливковое масло). Печенье мария

Ужин: запеканка",0.4340138820820269,0.030612161411212008,0.1855447586057697,0.024255583219305182,0.005992526275218325,0.058924329705189814,0.26065675870127797
308,2026-05-19T21:51:18,Миша,ебать,0.02082530741018695,0.007019308100814233,0.026461980505756613,0.7274021966698798,0.004798340236540234,0.009939695957640932,0.20355317111918136
309,2026-05-19T21:51:29,Миша,она там по вайбу к месячному запою здоровье копит или что,0.14741650610587625,0.01859042500719444,0.014250558795096777,0.01873057706587063,0.002470941989141958,0.06462073752766613,0.7339202535091539
310,2026-05-19T21:51:36,Миша,или к 1 сыру с плесенью,0.014326570843741844,0.004327478566491978,0.027409857111942167,0.11815447101922968,0.014810020592467173,0.019410829716548297,0.8015607721495789
311,2026-05-19T21:52:20,Эвелина,это просто чтобы рецидива не было,0.02312689941658294,0.0037007685476710362,0.050661742404188026,0.20368103017796346,0.006671520679438644,0.02179816481393158,0.6903598739602242
312,2026-05-19T22:00:25,Эвелина,воть,0.022429905110304776,0.005472601909673762,0.005281028375323421,0.06878317126223552,0.0018075509836514962,0.01984468193136787,0.8763810604274432
313,2026-05-19T22:04:54,Миша,😩,0.03233666016649597,0.0029654130355781408,0.005545468386313712,0.015098483402805686,0.002035324841105978,0.01946365508623994,0.9225549950814605
314,2026-05-19T22:12:10,Эвелина,из-за этого же от яиц все это время плохо было,0.02696539071173798,0.006288341094621274,0.7628573070795512,0.10881487207101169,0.02155152661785693,0.0150848867492734,0.05843767567594757
315,2026-05-19T22:12:37,Эвелина,кто бы мне раньше это сказал,0.048871236915470635,0.004255518087401248,0.004685682174963248,0.032220342582514,0.002306866547375593,0.08299114465585272,0.8246692090364225
316,2026-05-19T22:12:51,Миша,эхх,0.023611370086933953,0.002149623768563803,0.005409832810066001,0.026414661268545813,0.0020843851011772933,0.017856099052888902,0.9224740279118243
317,2026-05-19T22:12:58,Миша,вотоно как,0.04123248507250344,0.004091001769595277,0.005763364088338772,0.02433096440819889,0.001517372567220917,0.02874565872765903,0.8943191533664837
318,2026-05-19T22:49:05,Миша,че делаешь,0.1273916811758351,0.0064790578392794505,0.005812349391124979,0.10932034754724185,0.0015831914949174322,0.1404953266178389,0.6089180459337624
319,2026-05-19T22:59:28,Миша,чет в голос,0.1678011455395288,0.002942788956395887,0.02264335798028509,0.1511475930025369,0.0021694347437062867,0.03857793284288242,0.6147177469346645
320,2026-05-19T23:43:52,Эвелина,вхвххахпхп,0.0344160529815621,0.0030347908316688513,0.010347878016908282,0.022563680960380802,0.0029365075020995695,0.010912746764941552,0.9157883429424388
321,2026-05-19T23:44:10,Эвелина,фильм смотрели,0.07459877470373572,0.00488920699404927,0.0065190653401487435,0.011285658864641276,0.0019238096901516605,0.02347963994776206,0.8773038444595113
322,2026-05-19T23:45:06,Эвелина,я груши приготовила печеные,0.07389610394758289,0.006128498670136712,0.15502855864506837,0.16517263505349516,0.015041297774617556,0.015946050822060718,0.5687868550870386
323,2026-05-19T23:45:30,Эвелина,мб ленивые вареники сделать на утро,0.06755683056001048,0.015820489792282642,0.22030424253697128,0.26858790846675934,0.008210053410890181,0.007569571175934987,0.4119509040571511
324,2026-05-19T23:45:55,Эвелина,"с другой стороны рил начну правильно питаться, это хорошо",0.8849094203416401,0.016750955869177516,0.0020053845763427125,0.006642701336408757,0.0005329739711083928,0.004709420482472884,0.08444914342284943
325,2026-05-19T23:46:04,Эвелина,"только за сыр с плесенью обидно, я его очень люблю",0.1822970707068621,0.7476923217220315,0.03805904264077429,0.010010044363403928,0.012074061347518981,0.0029283401176014687,0.0069391191018078535
326,2026-05-19T23:46:13,Эвелина,но может и можно будет кушать,0.2878459690086912,0.012904204149156379,0.005412881030303694,0.016245516947165955,0.0011079422665909305,0.029416998141038285,0.6470664884570536
327,2026-05-19T23:46:19,Эвелина,мне вроде не плохо от него,0.022831471254594924,0.00783464754685974,0.31463868777079396,0.4491122750578072,0.013758880647900568,0.028480937035360032,0.16334310068668367
328,2026-05-19T23:46:25,Эвелина,ну просто от сыра мне не плохо,0.04081898002973992,0.011008768440358639,0.30690463482439967,0.4812338326470288,0.007816358785696012,0.01682120235676347,0.13539622291601344
329,2026-05-19T23:46:35,Миша,да хуйня это все,0.2591074853477568,0.008905702023853108,0.03230764647999273,0.5858845747330789,0.005310269328934234,0.009458682379581406,0.09902563970680288
330,2026-05-19T23:46:39,Миша,в плане,0.08702259707872646,0.007293477909333837,0.002268355983398984,0.008193520667987378,0.001190393300084472,0.010009806651790153,0.8840218484086787
331,2026-05-19T23:46:45,Эвелина,нене не хуйн,0.024829139137979024,0.004764078120294283,0.024735196589675837,0.76765979325811,0.004057280025764739,0.010144185866401567,0.16381032700177453
332,2026-05-19T23:46:49,Миша,злоупотреблять не надо да,0.02557558791849478,0.011260170872575637,0.022337952738254944,0.660348160314439,0.0031295561554594738,0.010490739871438452,0.2668578321293377
333,2026-05-19T23:46:49,Эвелина,я так не хочу больше,0.025663772731140105,0.006859207909012116,0.026231087866362295,0.7153620224266453,0.0041226387848363275,0.020385612080842757,0.20137565820116096
334,2026-05-19T23:46:56,Миша,но почучут можно будет все,0.23497313272031006,0.006509790668437362,0.005480909257779814,0.010914592665940435,0.002430712685202748,0.05339531219240674,0.6862955498099228
335,2026-05-19T23:46:56,Эвелина,я злоупотребляла?,0.008561156078028848,0.005099521224125587,0.015746557037405667,0.07427620164787735,0.007524334025558152,0.6071990083265908,0.2815932216604137
336,2026-05-19T23:47:18,Миша,тогда не было речи о злоупотреблении,0.015828453655173443,0.002765656804967503,0.039960853176655396,0.43593271165768965,0.006229518528789409,0.06402597547618055,0.4352568307005439
337,2026-05-19T23:47:24,Миша,"сейчас, когда есть противопоказания",0.038027514315137415,0.010826964508619379,0.01386913327075431,0.056351968600510095,0.0039083275249807035,0.020293904189919013,0.856722187590079
338,2026-05-19T23:47:25,Миша,есть,0.07009865146817644,0.005576441881719894,0.0025677284898715305,0.0103187283447638,0.001040131770066457,0.018202042327955352,0.8921962757174465
339,2026-05-19T23:47:53,Эвелина,ну получается моё обычное потребление это злоупотребление,0.15827838976638278,0.008190537228467661,0.02332378273166625,0.5089041563669902,0.004666940374290803,0.025578721143300346,0.27105747238890204
340,2026-05-19T23:48:16,Эвелина,а значит надо будет так или иначе менять питание,0.055342681888051526,0.009890551986932452,0.0053567086481204375,0.029584082007493667,0.0016130391711592995,0.0540169164828769,0.8441960198153656
341,2026-05-19T23:48:34,Миша,видимо(,0.012528050210659695,0.0046358790073106155,0.5404427061542838,0.03760023378097431,0.02699206590100941,0.06458302630508292,0.31321803864067943
342,2026-05-19T23:48:37,Эвелина,"на ближайшие три месяца прям диета, а потом просто без шашлыков итд",0.2097951359330175,0.008230480690851789,0.014335990588472262,0.10106994944463635,0.003006805760339346,0.00976069544877743,0.6538009421339054
343,2026-05-19T23:51:00,Миша,😞,0.03233667042214295,0.002965414683075652,0.005545471467215177,0.015098489766219934,0.0020353262145032303,0.019463669706342605,0.9225549577405004
344,2026-05-19T23:51:25,Миша,да пох,0.4080878419635397,0.008917989320053166,0.009845174497418048,0.04006291628817969,0.0015627518897626158,0.010055384907952072,0.5214679411330946
345,2026-05-19T23:51:32,Миша,аваем творжок,0.12142243256132348,0.0031908744985799306,0.0019656654672466564,0.01597455833385388,0.0011923111330597277,0.024002648091136176,0.8322515099148001
